ENTRADA,PATRIMÔNIO,STATUS,SERIAL,CATEGORIA,FABRICANTE,MODELO,LOCAL,SAÍDA,OBSERVAÇÃO
,0,,,Processador,Intel,E2630L,Escritório,,
,0,,,Processador,Intel,E2670,Escritório,,
,1,,J9X8LTJL,HDD,Hitachi,HUS156060VLS600,,,
,2,,GZ4MC72,Servidor,Dell,Inspiron 15,Pedro,,
,2,,J9X6SUPL,HDD,Hitachi,HUS156060VLS600,,,
,3,,Rack,Servidor,Chenbro,Chenbro xyz,Escritório,,
,3,,J9X83WPL,HDD,Hitachi,HUS156060VLS600,,,
,4,,J9X8227L,HDD,Hitachi,HUS156060VLS600,Estoque,,
,5,,,,,,,,
,6,,W4J0VKE5,HDD,Seagate,ST5000DM000,Escritório,,
,7,,,,,,,,
,8,,W4J0VV0T,HDD,Seagate,ST5000DM000,Estoque,,
,9,,,,,,,,
,10,,,Pen Drive,Multilaser,PD588,Escritório,,
,11,,,Pen Drive,Multilaser,PD588,Escritório,,
,12,,,Pen Drive,Multilaser,PD588,Escritório,,
,13,,,Pen Drive,Multilaser,PD588,Escritório,,
,14,,,Pen Drive,Multilaser,PD588,Escritório,,
,15,,,Pen Drive,Multilaser,PD588,Escritório,,
,16,,,Pen Drive,Multilaser,PD588,Escritório,,
,17,,1315037502D6,HDD,Micron,P300 2.5,Escritório,,
,18,,Z1X19KVQ,HDD,Dell,ST2000NM0023,Escritório,,
,19,,Z3L5KACVFK5,HDD,Dell,MG03ACA100,Estoque,,
,20,,Z3L3KAVYFVK5,HDD,Dell,MG03ACA100,Estoque,,
,21,,9WK4VDQ8,HDD,Dell,ST31000524NS,Escritório,,
,22,,Z1N4GERT,HDD,Dell,ST1000NM0011,Escritório,,
,23,,W1H07ZGK,HDD,Seagate,ST2000VM003,Escritório,,
,24,,W1H170Q2,HDD,Seagate,ST2000VM003,Escritório,,
,25,,Z1P56NGF,HDD,Seagate,ST2000NM0011,Concert,,
,26,,W2F0TAEV,HDD,Seagate,ST2000DM001,Estoque,,
,27,,MS280U5K,HDD,Hitachi,HDE721010SLA330,Escritório,,
,28,,GTE000PAKART9E,HDD,Hitachi,HUA721010KLA330,Escritório,,
,29,,105SPGS4K079,,LG,Flatron W1943C,OFC da Roupa,,
,30,,105SPBF3E261,,LG,Flatron W1943C,Escritório,,
,31,,19L26GT21042863,Monitor,Tronos,19TRS-XIE-V,Escritório,,Tela borrada
,32,,,Adaptador AC,Samsung,,OFC da Roupa,,
,33,,AA17069TJXCCA,Adaptador AC,Samsung,,Escritório,,
,34,,208SPZK04901,Monitor,LG,Flatron W1946P,OFC da Roupa,,
,35,,V366298 2580-AF1,Monitor,Lenovo,LS1922wA,OFC da Roupa,,
,36,,,Gabinete,Dell,Optiplex 380,OFC da Roupa,,
,37,,,Gabinete,Dell,Optiplex 380,Escritório - Concert,,
,38,,,Monitor,,,OFC da Roupa,,
,39,,,Monitor,Positivo,,OFC da Roupa,,
,40,,,Gabinete,Sim+,L3430,OFC da Roupa,,
,41,,41445XA001078,TV,AOC,LE24D1440/20,OFC da Roupa,,
,42,,,Gabinete,Sim+,,OFC da Roupa,,
,43,,10906549,Monitor,Positivo,W1946PW,OFC da Roupa,,
,44,,,Gabinete,HP,Compaq,OFC da Roupa,,
,45,,X5EV174646,Impressora,Epson,L3150,Escritório,,
,46,,CN-0R097K-74443-8AH-A915,Monitor,Dell,,Escritório,,
,47,,BR-06K5NC-TVB00-6CC-306T-A00,Monitor,Dell,P2217Hc,Escritório,,
,48,,BR-0KW557-70713-7CE-2K1A,Monitor,Dell,1908FP,Escritório,,
,49,,,Servidor,,,Escritório,,
,50,,,Servidor,,,Escritório,,
,51,,,Monitor,STI,MLE 1950W,Escritório,,
,52,,805SPDTM2922,Monitor,LG,Flatron L1953H-SF,Escritório,,
,53,,,Gabinete,,,Escritório,,
,54,,,Suporte Monitor,Dell,,Escritório,,
,55,,,Suporte Monitor,Dell,,Escritório,,
,56,,,Memória,Dell,,Estoque,,
,57,,,Suporte Monitor,Dell,,Escritório,,
,58,,,Suporte Monitor,Dell,,Escritório,,
,59,,,Suporte Monitor,Dell,,Escritório,,
,60,,,Suporte Monitor,Dell,,Escritório,,
,61,,,Suporte Monitor,LG,,Escritório,,
,62,,,Gabinete,Dell,Optiplex 390,Escritório,,
,63,,J3VF6X2579L,Projetor,Epson,EMP-S4,Escritório,,
,64,,,Suporte Monitor,Dell,,Escritório,,
,65,,,Suporte Monitor,Dell,,Escritório,,
,66,,,Suporte Monitor,Dell,,Escritório,,
,67,,CN-077FRW-70821-3CJ-0060-A03,Servidor,Dell,PowerEdge R210 II,Escritório,,
,68,,,,,,,,
,69,,8HW6GG1,Servidor,Dell,PowerEdge 1950,Estoque,,
,70,,C82500B43M40251,Servidor,IBM,xSeries 336,Estoque,,
,71,,,Servidor,,,Escritório,,
,72,,FTX15318255,Roteador,Cisco,1905,Escritório,,
,73,,7RD2510018,Storage NAS,Iomega,NAS IX4-200D,Estoque,,
,74,,F12731131002033,Adaptador AC,Hipro,HP-A0904A3,Escritório,,
,75,,,Switch,Intelbras,SF 2842 MR,Escritório,,
,76,,3CR17661-91,Switch,3Com,4200G 24-port,Escritório,,
,77,,3.20E+11,GPU,Nvidia,FX3800,Escritório,,
,78,,WMAYP2620730,HDD,Dell,WD5003ABYX-18WERA0,,,
,79,,SBR2011043002215,Memória,Smart,M393B1K70CHD-CH9,Concert,,
,80,,HMT31GR7BFR4C-H9 D7 AB 1101,Memória,Hynix,HMT31GR7BFR4C-H9,Estoque,,
,81,,HMT31GR7CFR4A-PB T8 AF 1327,Memória,Hynix,HMT31GR7CFR4A-PB,Escritório,,
,82,,HMT31GR7CFR4A-PB T8 AF 1327,Memória,Hynix,HMT31GR7CFR4A-PB,Escritório,,
,83,,HMT31GR7CFR4A-PB T8 AF 1327,Memória,Hynix,HMT31GR7CFR4A-PB,Escritório,,
,84,,HMT31GR7CFR4A-PB T8 AF 1327,Memória,Hynix,HMT31GR7CFR4A-PB,Escritório,,
29/12/2021,85,,CN-09M1D2-71070-2A4-0009-A01,Servidor,Dell,PowerEdge T320,Estoque,,
29/12/2021,86,,CN-03P0R3-13740-2AE-0060-A01,Placa Controladora,Dell,UCSA-801 - H310,Estoque,,
29/12/2021,87,,,Gabinete,Dell,Optiplex 990,Escritório,,
,88,,G121005109099,Adaptador AC,Sunny,SYS1428-2412-W2B,Estoque,,
,89,,,,,,,,
,90,,,,,,,,
,91,,,Memória,,,960,,
,92,,,,,,,,
,93,,,,,,,,
,94,,,,,,,,
,95,,,,,,,,
,96,,,,,,,,
,97,,,,,,,,
,98,,,,,,,,
,99,,,,,,,,
,100,,,,,,,,
,101,,PBH2YH1X,HDD,Oracle,HUS724040ALS640,Escritório,,
,102,,PBH3J16X,HDD,Oracle,HUS724040ALS640,Escritório,,
,103,,PAKRGGJX,HDD,Oracle,HUS724040ALS640,Escritório,,
,104,,PBH2XTYX,HDD,Oracle,HUS724040ALS640,Escritório,,
,105,,PBH6DW8X,HDD,Oracle,HUS724040ALS640,Escritório,,
,106,,PBH5Z1PX,HDD,Oracle,HUS724040ALS640,Escritório,,
,107,,PBH3VDGX,HDD,Oracle,HUS724040ALS640,Escritório,,
,108,,PBH3UH6X,HDD,Oracle,HUS724040ALS640,Escritório,,
,109,,PBH6BY0X,HDD,Oracle,HUS724040ALS640,Escritório,,
,110,,PBH76TNX,HDD,Oracle,HUS724040ALS640,Escritório,,
,111,,PAKTB8BX,HDD,Oracle,HUS724040ALS640,Escritório,,
,112,,PBH2VGVX,HDD,Oracle,HUS724040ALS640,Escritório,,
,113,,3LM5F2R4,HDD,Seagate,ST3300655SS,,,
,114,,MX-08DF80-74757-2811-0058,Servidor,Dell,C6100,Escritório,,
,115,,2916NP3203,Lâmina,Dell,C6100,Escritório,,
,116,,291CNP7535,Lâmina,Dell,C6100,Escritório,,
,117,,2921NP5535,Lâmina,Dell,C6100,960,,
,118,,,,,,962,,
,119,,,,,,,,
,120,,,,,,,,
,121,,,Lâmina,Dell,C6100,Escritório,,
,122,,MX-08DF80-74757-236-0394,Servidor,Dell,C6100,Encontre sua franquia,,
,123,,1074F64MX210008,Memória,Samsung,M393B5273DH0-YH9,Concert,,
,124,,1074F64MX2102SS,Memória,Samsung,M393B5273DH0-YH9,0962 e 0122,,
,125,,2CKYFP2,Notebook,Dell,Inspiron 5566,,,
,126,,PA-1650-02B4 08D3F,Adaptador AC,Dell,LA65NS2-01,Escritório,,
,127,,76JCCD2,Notebook,Dell,Inspiron 5458,,,
,128,,,Adaptador AC,Dell,LA45NM140,Escritório,,
,129,,,,,,,,
,130,,,,,,,,
,131,,3QN28DT6,HDD,Dell,ST3146356SS,Escritório,,
,132,,WMC6M0K7U1N9,HDD,Dell,HUS722T1TALA600,Estoque,,
,133,,WMC6M0K80VN1,HDD,Dell,HUS722T1TALA600,Estoque,,
,134,,WMC6M0K4CNH3,HDD,Dell,HUS722T1TALA600,Estoque,,
,135,,6SJ1D842,HDD,Dell,ST3300657SS-H,Estoque,,
,136,,95QOTD7BT YY3 HDKEB98D2A01 T,HDD,Toshiba,MQ01ABD100,Escritório,,
,137,,S32SJ5AH200022,HD,Seagate,ST1000LM024,Concert,,
,138,DEFEITO,S23SJ56B328944,HD,Samsung,HM502JX,Estoque,,
,139,,ASMK1640616,Memória,Kingston,KVR533D2N4/1G,Estoque,,
,140,,7.96E+11,Memória,Markvision,LU1G082-533P005 CL4,Estoque,,
,141,,PC5300U-50550 3-9040901,Memória,Markvision,PC5300U-50550 3-9040901,Estoque,,
,142,,PC5300U-50550 3-9040901,Memória,Markvision,PC5300U-50550 3-9040901,Estoque,,
,143,,BMD22048M0667C5-1029,Memória,Markvision,BMD22048M0667C5-1029,Estoque,,
,144,,5.00E+11,Memória,Markvision,PC6400U-50550,Estoque,,
,145,,WTL40-E9QPC6-4W796,Memória,Kingston,KVR667D2N5/2G,Estoque,,
,146,,U0J82-U9LC2F-JV920,Memória,Kingston,KTD-PE6950/4G,Estoque,,
,147,,Y9JW0-M9JCXK-BV910,Memória,Kingston,KTD-PE6950/4G,Estoque,,
,148,,4085962-0921373,Memória,Kingston,KVR667D2/2GR,Estoque,,
,149,,4063254-1536472,Memória,Kingston,KVR667D2N5/2G,Estoque,,
,150,,BKMK1650867,Memória,Kingston,KVR667D2N5/1G,Estoque,,
,151,,SBR2008080911428,Memória,Smart,M378T2863QZS-CF7,Estoque,,
,152,,SBR2008052512930,Memória,Smart,SG564288FG8N6IL-Z2,Estoque,,
,153,,MQ09C300E.X2,Memória,Nanya,NT2GT72U8PD0BV-3C,Estoque,,
,154,,5.00E+11,Memória,Spectek,PC256M6416U58AB2J-25E,Estoque,,
,155,,302102,Memória,Kingston,,Estoque,,
,156,,M2U51264D28HB3G-5T,Memória,Elixir,,Escritório,,
,157,,2.51E+14,Memória,,,Escritório,,
,158,,NT5DS16M16BT-75B,Memória,Nanya,,Escritório,,
,159,,013840 00192790 1242,Memória,Kingmax,,Escritório,,
,160,,GKDDR32M8-6,Memória,Sym@x,,Escritório,,
,161,,MD44-K57HA,Memória,PH,,Escritório,,
,162,,MDOEL6G3I41OB1E5Z,Memória,Markvision,,Escritório,,
,163,,AT25D1616T-6 0530,Memória,Infineon,,Escritório,,
,164,,745SS(BLNGC1A16),Memória,Blitz,,Escritório,,
,165,,251115011,Memória,Samsung,,Escritório,,
,166,,547XR (MVBGB1916),Memória,Markvision,,Escritório,,
,167,,431F3H4SS,Memória,LogiSonic,,Escritório,,
,168,,1GBUFURTSLAA,Memória,,,Escritório,,
,169,,AB25D3208 426B2 0547,Memória,,,Escritório,,
,170,,JIL20030704NR,Memória,Infineon,,Escritório,,
,171,,MD43-K57HA,Memória,PH,,Escritório,,
,172,,431F3H4SS,Memória,LogiSonic,,Escritório,,
,173,,431F3H4SS,Memória,LogiSonic,,Escritório,,
,174,,AB25D3208 426B2 0547,Memória,,,Escritório,,
,175,,NC6300,Memória,NCP,,Escritório,,
,176,,M2U51264DS8HB3G-5T,Memória,Elixir,,Escritório,,
,177,,431F3H4SS,Memória,LogiSonic,,Escritório,,
,178,,AB25D3208 426B2 0547,Memória,Elixir,,Escritório,,
,179,,AED560UD00-600C88X,Memória,Aeneon,,Escritório,,
,180,,,Memória,Samsung,,Escritório,,
,181,,9BS131-783,HDD,Seagate,ST3808110AS,Estoque,,
,182,,4LR3QEJ3,HDD,Seagate,ST3808110AS,Escritório,,
,183,,W765YN12,SSHD,Seagate,ST500LM000,Escritório,,
,184,,5LY9JBQ5,HD,Seagate,ST980811AS,Estoque,,ISO
,185,,45W9607YM107532R239,HDD,IBM,ST9600105SS,Escritório,,
,186,,6XS1WLTX,HDD,Seagate,ST9900805SS,Estoque,,
,187,,6XS1VWLR,HDD,Seagate,ST9900805SS,Estoque,,
,188,,6XS1TYSC,HDD,Seagate,ST9900805SS,Estoque,,
,189,,6XS1X0N6,HDD,Seagate,ST9900805SS,Estoque,,
,190,,6XS1WM01,HDD,Seagate,ST9900805SS,Estoque,,
,191,,WCAYUS192549,HDD,WD,WD5000AAKX,Concert,,
,192,,WCC6Z3DA5Y61,HDD,WD,WD5000AZLX,Concert,,
,193,,S160J50PB20386,HDD,Samsung,HD082GJ,Estoque,,
,194,,S0JRJ50PA06933,HDD,Samsung,HD080HJ,960,,
,195,,S1FUJ5OQ541546,HDD,Samsung,HD161HJ,122,,
,196,,WCAP97277671,HDD,WD,WD1600AABS,962,,
,197,,WCAP92926072,HDD,WD,WD1600AABS,962,,
,198,,SRA8B6G5,HDD,Maxtor,STM3160215AS,Escritório,,
,199,,WCANY394685,HDD,WD,WD2500YS,Estoque,,
,200,,WCC2ETP82452,HDD,WD,WD5000AAKX,Escritório,,
,201,,5NF0FXZB,HDD,Seagate,ST3400832AS,Estoque,,
,202,,Z521FYU0,HDD,Seagate,ST3320418AS,Estoque,,
,203,,6RY3QTAP,HDD,Maxtor,STM3250310AS,Estoque,,
,204,,S2BWJ60B624945,HDD,Samsung,HD502HJ,Estoque,,
,205,,S2BWJ60B979547,HDD,Samsung,HD502HJ,Escritório,,
,206,,S2BWJ60BB10373,HDD,Samsung,HD502HJ,Escritório,,
,207,,S2BWJ60B132682,HDD,Samsung,HD502HJ,Escritório,,
,208,,S2BWJ60B146191,HDD,Samsung,HD502HJ,Estoque,,
,209,,S2BWJ50B717260,HDD,Samsung,HD502HJ,Escritório,,
,210,,S2BWJ60B313950,HDD,Samsung,HD502HJ,Escritório,,
,211,,S2K3J50ZC24267,HDD,Samsung,HD502HJ,Escritório,,
,212,,MC36H8NB,HDD,Hitachi,HDT721032SLA360,Estoque,,
,213,,S2AHK0XH,HDD,Seagate,ST500DM002,Concert,,
,214,,W2ALK60K,HDD,Seagate,ST500DM002,Escritório,,
,215,,Z3TSZZ03,HDD,Seagate,ST500DM002,Escritório,,
,216,,S27UJ90B114910,HDD,Samsung,HD503HI,Escritório,,
,217,,1.32E+11,SSD,Micron,MTFDDAC050SAL,Concert,,
,218,,13130370B549,SSD,Micron,MTFDDAC050SAL,584,,
,219,,1.32E+11,SSD,Micron,MTFDDAC050SAL,Escritório,,
,220,,1809K FCECDA448DFA-ERjLhS,Roteador,Ubiquiti,USG,Estoque,,
,221,,WMATV2729834,HDD,Dell,WD1002FBYS,Estoque,,
,222,,NKS11071460,Roteador VPN,Cisco,RV042,Estoque,,
,223,,2.15E+12,Roteador,TP-Link,TL-R470T+,Estoque,,
,224,,SV42127785,Placa Controladora,HP,SAS9207-8e,,,
,225,,FS1S0214E1LP,Placa Controladora,Dell,UCS-70,,,
,226,,1544-7777,Adaptador AC,LG,DSA-36W-12 1 36,Estoque,,
,227,,6WR1HASR,HDD,Seagate,ST9500423AS,,,
,228,,1TEAP5-500,HD,Seagate,SRD0NF1,,,
,229,,SBR2012121202674,Memória,Smart,SH564128FH8N0TNSDG,Estoque,,
,230,,4GBBNAUCDBA,Memória,Avant,,PC Marcelo,,
,231,,CNL65-V97PN1-FWPEF,Memória,Kingston,KVR1333D3N9/4G,Escritório - Concert,,
,232,,SBR2012110702287,Memória,Smart,,Estoque,,
,233,,SBR2012110701578,Memória,Smart,,,,
,234,,P569980310,Placa Controladora,LSI,SAS9220-8i,,,
,235,,CN-0N2D7T-74445-3AL-A0UL,Monitor,Dell,P2314Ht,Escritório,,
,236,,CN-0524N3-74261-3C7-2HLV,Monitor,Dell,P2414Hb,Escritório,,
,237,,BR-0PDK0N-TVB00-919-1KHB-A04,Monitor,Dell,P2319Hc,Escritório,,
,238,,CN-0N2D7T-74445-3AL-A0WL,Monitor,Dell,P2314Ht,Escritório,,
,239,,,,,,,,
,240,,BR-0DCHJ6-TVB00-7CI-35TL-A00,Monitor,Dell,P2317H,Escritório,,
,241,,BR-04WY70-TVB00-78N-7LKB-A01,Monitor,Dell,P2317H,Escritório,,
,242,,CN-0R97K-74443-8C1-778U,Monitor,Dell,2208WFPt,Escritório,,
,243,,,Adaptador AC,,,Raíssa,,
,244,,9WTYQ23,Notebook,Dell,Vostro 14 5490,,,
,245,,HC110912098426,TV,Philips,32PFL3404/78,Escritório,,
,246,,2276,TV,CCE,Stile D32,Escritório,,
,247,,Y2V73X4K810877K,TV,Samsung,UN50NU7100,Escritório,,
,248,,,,,,,,
,249,,,,,,,,
,250,,,,,,,,
,251,,,,,,,,
,252,DEFEITO,S2BJJ9EZC05253,HDD,Samsung,HD322GJ,,,
,253,,,,,,,,
,254,,,Servidor,HP,ProLiant ML310e Gen8 v2,Estoque,,
,255,,,Gabinete,,Carcaça,Estoque,,
,256,,APL 046AL,Placa de Rede,Jikatec,,,,
,257,,,,,,,,
,258,,,,,,,,
,259,,11S68Y7366YK50210C7967,Placa Controladora,LSI,SAS9220-8i,Estoque,,
,260,,,Chip Placa Controladora,,,,,
,261,,,,,,,,
,262,,,,,,,,
,263,,,,,,,,
,264,,,,,,,,
,265,,,,,,,,
,266,,,,,,,,
,267,,,,,,,,
,268,,,,,,,,
,269,,,,,,,,
,270,,,,,,,,
,271,,,,,,,,
,272,,,,,,,,
,273,,,,,,,,
,274,,,,,,,,
,275,,,,,,,,
,276,,,,,,,,
,277,,,,,,,,
,278,,,,,,,,
,279,,,,,,,,
,280,,,,,,,,
,281,,,,,,,,
,282,,,,,,,,
,283,,,,,,,,
,284,,,,,,,,
,285,,,,,,,,
,286,,,,,,,,
,287,,,,,,,,
,288,,,,,,,,
,289,,,,,,,,
,290,,,,,,,,
,291,,,,,,,,
,292,,,,,,,,
,293,,,,,,,,
,294,,4A003EH + 1329H8095E,Memória,Hynix,,,,
,295,,4A003EH + 1329H80722,Memória,Hynix,,,,
,296,,4A003EH + 1329H80957,Memória,Hynix,,,,
,297,,4A003EH + 1329H80958,Memória,Hynix,,,,
,298,,,,,,,,
,299,,,,,,,,
,300,,,,,,,,
,301,,,,,,,,
,302,,,,,,,,
,303,,S1G1J50QB10794,HDD,Samsung,HD161HJ,Estoque,,
,304,,S1HKJ50S454744,HDD,Samsung,HD161HJ,122,,
,305,,R1DBM6KK,HDD,Hitachi,HDT725025VLA380,Estoque,,
,306,DEFEITO,T4CSM81C,HDD,Hitachi,HDT722525DLA380,,,
,307,DEFEITO,R106UBJK,HDD,Hitachi,HDT725025VLA380,,,
,308,,R106H60K,HDD,Hitachi,HDT725025VLA380,,,
,309,,VA26S30047,Placa de Rede,Supermicro,AOC-SG-I4,,,
,310,,MY-0YT674-12402-99H-00L5,Placa de Rede,Intel,CPU-D42543(B),Estoque,,
,311,,MY-0YT674-12402-89C-00UE,Placa de Rede,Intel,,,,
,312,,49Y4241 V050KK1BS1DP,Placa de Rede,Intel,CPU-E9268 (B),,,
,313,,Y050KK14Y0PP,Placa de Rede,Intel,49Y4242,584,,
,314,,YK10EX05J040,Placa de Rede,Intel,,,,
,315,,MY-0YT674-12402-82R-003C,Placa de Rede,Intel,,,,
,316,,CN-0F169G-71617-09E-005I-A00,Placa de Rede,,,,,
,317,,,,,,,,
,318,,,,,,,,
,319,,,,,,,,
,320,,,,,,,,
,321,,,,,,,,
,322,,,,,,,,
,323,,,,,,,,
,324,,,,,,,,
,325,,,,,,,,
,326,,,,,,,,
,327,,,,,,,,
,328,,,,,,,,
,329,,,,,,,,
,330,,,,,,,,
,331,,,,,,,,
,332,,,,,,,,
,333,,,,,,,,
,334,,,,,,,,
,335,,,,,,,,
,336,,,,,,,,
,337,,,,,,,,
,338,,,,,,,,
,339,,,,,,,,
,340,,,,,,,,
,341,,,,,,,,
,342,,,,,,,,
,343,,,,,,,,
,344,,,,,,,,
,345,,,,,,,,
,346,,,,,,,,
,347,,,,,,,,
,348,,,,,,,,
,349,,,,,,,,
,350,,,,,,,,
,351,,,,,,,,
,352,,,,,,,,
,353,,,,,,,,
,354,,,,,,,,
,355,,,,,,,,
,356,,,,,,,,
,357,,,,,,,,
,358,,,,,,,,
,359,,,,,,,,
,360,,,,,,,,
,361,,,,,,,,
,362,,,,,,,,
,363,,,,,,,,
,364,,,,,,,,
,365,,,,,,,,
,366,,,,,,,,
,367,,,,,,,,
,368,,,,,,,,
,369,,,,,,,,
,370,,,,,,,,
,371,,,,,,,,
,372,,,,,,,,
,373,,,,,,,,
,374,,,,,,,,
,375,,,,,,,,
,376,,,,,,,,
,377,,,,,,,,
,378,,,,,,,,
,379,,,,,,,,
,380,,,,,,,,
,381,,,,,,,,
,382,,,,,,,,
,383,,,,,,,,
,384,,,,,,,,
,385,,,,,,,,
,386,,,,,,,,
,387,,,,,,,,
,388,,,,,,,,
,389,,,,,,,,
,390,,,,,,,,
,391,,,,,,,,
,392,,,,,,,,
,393,,,,,,,,
,394,,,,,,,,
,395,,,,,,,,
,396,,,,,,,,
,397,,,,,,,,
,398,,,,,,,,
,399,,,,,,,,
,400,,,,,,,,
,401,,,,,,,,
,402,,,,,,,,
,403,,,,,,,,
,404,,,,,,,,
,405,,,,,,,,
,406,,,,,,,,
,407,,,,,,,,
,408,,,,,,,,
,409,,,,,,,,
,410,,,,,,,,
,411,,,,,,,,
,412,,,,,,,,
,413,,,,,,,,
,414,,,,,,,,
,415,,,,,,,,
,416,,,,,,,,
,417,,,,,,,,
,418,,,,,,,,
,419,,,,,,,,
,420,,,,,,,,
,421,,,,,,,,
,422,,,,,,,,
,423,,,,,,,,
,424,,,,,,,,
,425,,,,,,,,
,426,,,,,,,,
,427,,,,,,,,
,428,,,,,,,,
,429,,,,,,,,
,430,,,,,,,,
,431,,,,,,,,
,432,,,,,,,,
,433,,,,,,,,
,434,,,,,,,,
,435,,,,,,,,
,436,,,,,,,,
,437,,,,,,,,
,438,,,,,,,,
,439,,,,,,,,
,440,,,,,,,,
,441,,,,,,,,
,442,,,,,,,,
,443,,,,,,,,
,444,,,,,,,,
,445,,,,,,,,
,446,,,,,,,,
,447,,,,,,,,
,448,,,,,,,,
,449,,,,,,,,
,450,,B21U255001693,Switch,D-Link,DES-1016D,,,
,451,,,,,,,,
,452,,,,,,,,
,453,,,,,,,,
,454,,68-3756-02 A1+ CMMBE00ARB,SWITCH,Cisco,N2K-C2248TP-1GE V04,Estoque,,
,455,,68-3601-05 AO* COMJ200ARB,SWITCH,Cisco,N2K-C2248TP-1GE V02,Estoque,,
,456,,,,,,,,
,457,,,,,,,,
,458,,,,,,,,
,459,,,,,,,,
,460,,,,,,,,
,461,,,,,,,,
,462,,,,,,,,
,463,,,,,,,,
,464,,,,,,,,
,465,,,,,,,,
,466,,,,,,,,
,467,,,,,,,,
,468,,,,,,,,
,469,,,,,,,,
,470,,,,,,,,
,471,,,,,,,,
,472,,5120623,Adaptador AC,BestBattery,BB20-DE19-A,,,
,473,,WMATV2687422,HDD,Dell,WD1002FBYS,Estoque,,
,474,,WMATV2685937,HDD,Dell,WD1002FBYS,Estoque,,
,475,,6XN21Y2P,HDD,Seagate,ST9300653SS,Estoque,,
,476,,,,Brother,PT-7600,,,
,477,,,,,,,,
,478,,,,,,,,
,479,,,,,,,,
,480,,,,,,,,
,481,,RX8R90FKY5A,,Samsung,Galaxy A02,Rosildo,,
,482,,RX8RA0D234D,,Samsung,Galaxy A02,Euler,,
,483,,18cc3b90,,Redmi,Note 8,Leandro/Escritório,,
,484,,,,,,,,
,485,,BWSMN33,,Dell,Vostro 15 P75F,Camila Taborda,21/02/2022,"""Reservado Cloves"""
,486,,465769T+1321TC0633,Placa controladora,Oracle,7056272,115,,
,487,,465769T+1321TC065A,Placa controladora,Oracle,7056272,962,,
,488,,465769T+1321TC066U,Placa controladora,Oracle,7056272,,,
,489,,1.80E+11,SSD,Sandisk,SDSSDA,255,,
,490,,0W811K,Servidor,Dell,PowerEdge T310,,,
,491,,047MCV,,Dell,UCS-71,,,
,492,,SBR2014010324058,Memória,Smart,,,,
,493,,SBR2012110528976,Memória,Smart,,,,
,494,,M391B5273CH0-CH9 1039,Memória,Samsung,,,,
,495,,SBR2014010324191,Memória,Smart,,,,
,496,,,,,,,,
,497,,,,,,,,
,498,,SBR2015062606252,Memória,Smart,,Escritório,,
,499,,SBR2010010615237,Memória,Smart,,Escritório,,
,500,,,,,,,,
,501,,,,,,,,
,502,,,,,,,,
,503,,,,,,,,
,504,,,,,,,,
,505,,,,,,,,
,506,,,,,,,,
,507,,,,,,,,
,508,,,NÃO HÁ,,,,,
,509,,WJLBP-19XCH8-YWH3B,Memória,Kingston,,Escritório,,
,510,,78JYT-19RC50-YV9J5,Memória,Kingston,,Escritório,,
,0511*,,HMT351R7CFR8A,Memória,Hynix,,,,
,512,,HMT351R7CFR8A-H9 T8 AC,Memória,Hynix,HMT351R7CFR8A-H9,122,,
,513,,,,,,,,
,514,,,,,,,,
,515,,HMT351R7CFR8A-H9 T8 AC,Memória,Hynix,HMT351R7CFR8A-H9,Concert,,
,516,,HMT351R7CFR8A-H9 T8 AD,Memória,Hynix,HMT351R7CFR8A-H9,122,,
,517,,HMT351R7CFR8A-H9 T8 AC,Memória,Hynix,HMT351R7CFR8A-H9,122,,
,518,,,,,,,,
,519,,HMT351R7CFR8A-H9 T8 AC,Memória,Hynix,HMT351R7CFR8A-H9,122,,
,0520*,,HMT351R7BFR8A-H9 T7 AB,Memória,Hynix,,,,
,521,,HMT351R7CFR4A-H9 T8 AC 1237,Memória,Hynix,HMT351R7CFR4A-H9,Concert,,
,0522*,,HMT351R7BFR8A-H9 T7 AB,Memória,Hynix,,,,
,523,,HMT351R7CFR4A-H9 T8 AC 1237,Memória,Hynix,HMT351R7CFR4A-H9,Concert,,
,524,,SBR2014101329077,Memória,Smart,,Escritório,,
,525,,SBR2020031200306,Memória,Smart,,Escritório,,
,526,,HMT351R7BFR8A-H9 T8 AC,Memória,Hynix,HMT351R7CFR8A-H9,122,,
,527,,HMT351R7CFR8A-H9 T8 AB,Memória,Hynix,HMT351R7CFR8A-H9,Estoque,,
,528,,HMT351R7CFR8A-H9 T8 AB,Memória,Hynix,HMT351R7CFR8A-H9,122,,
,529,,HMT351R7BFR8A-H9 T7 AB,Memória,Hynix,,960,,
,530,,HMT351R7BFR8A-H9 T7 AB,Memória,Hynix,HMT351R7CFR8A-H9,960,,
,531,,HMT351R7BFR8A-H9 T7 AB,Memória,Hynix,HMT351R7CFR8A-H9,Estoque,,
,532,,HMT351R7BFR8A-H9 T7 AB,Memória,Hynix,HMT351R7CFR8A-H9,Estoque,,
,533,,,,,,962,,
,534,,M393B5170FH0-CH9 1128,Memória,Samsung,,Concert,,
,535,,,,,,,,
,536,,M393B5170FH0-CH9 1128,Memória,Samsung,,Concert,,
,537,,M393B5170FH0-CH9 1128,Memória,Samsung,,960,,
,538,,,,,,,,
,539,,M393B5170FH0-CH9 1128,Memória,Samsung,,960,,
,540,,M393B5170FH0-CH9 1128,Memória,Samsung,,Concert,,
,541,,M393B5170FH0-CH9 1128,Memória,Samsung,,960,,
,542,,M393B5273DH0-YH9 1206,Memória,Samsung,,,,
,543,,,,,,,,
,544,,1074F64MX21042M,Memória,Samsung,M393B5273DH0-YH9,122,,
,545,,1074F64MX2123JK,Memória,Samsung,M393B5273DH0-YH9,122,,
,546,,1074F64MX2103LG,Memória,Samsung,M393B5273DH0-YH9,122,,
,547,,1074F64MX2170CN,Memória,Samsung,M393B5273DH0-YH9,122,,
,548,,1074F64MX2106YD,Memória,Samsung,M393B5273DH0-YH9,122,,
,549,,1074F64MX21061X,Memória,Samsung,M393B5273DH0-YH9,122,,
,550,,M393B5273DH0-YH9 1152,Memória,Samsung,,,,
,551,,1074F64MX21223K,Memória,Samsung,M393B5273DH0-YH9,Estoque,,
,552,,M393B5273DH0-YH9 1207,Memória,Samsung,,,,
,553,,1074F64MX21224Z,Memória,Samsung,M393B5273DH0-YH9,Concert,,
,554,,1074F64MX2103KA,Memória,Samsung,M393B5273DH0-YH9,122,,
,555,,1074F64MX2122LB,Memória,Samsung,M393B5273DH0-YH9,122,,
,556,,1074F12CN15001R,Memória,Samsung,M393B5273CH0-YH9,Estoque,,
,557,,1074F64MX21219P,Memória,Samsung,M393B5273DH0-YH9,122,,
,558,,1074F64MX21000B,Memória,Samsung,M393B5273DH0-YH9,122,,
,559,,1074F64MX2121KF,Memória,Samsung,M393B5273DH0-YH9,Estoque,,
,560,,1074F64MX200P9,Memória,Samsung,M393B5273DH0-YH9,962,,
,561,,1074F64MX2010RP,Memória,Samsung,M393B5273DH0-YH9,962,,
,562,,1074F64MX2170HX,Memória,Samsung,M393B5273DH0-YH9,962,,
,563,,1074F64MX2170HV,Memória,Smart,M393B5273DH0-YH9,962,,
,564,,1074F64MX2123L5,Memória,Samsung,M393B5273DH0-YH9,962,,
,565,,1074F64MX2122KM,Memória,Samsung,M393B5273DH0-YH9,962,,
,566,,SBR201011804520,Memória,Smart,M393B1K70CHD-CH9,Concert,,
,567,,BR0X2VK SMART 155 0UIW,Memória,Samsung,M393B1K70CHD-CH9,Concert,,
,568,,M393B1G70BH0-YK0,Memória,Samsung,M393B1G70BH0-YK0,122,,
,569,,BRC51903Q8,Monitor,HP,HSTND-7091-A,OFC da Roupa,,
,570,,,,,,,,
,571,,,Monitor,HP,,OFC da Roupa,,
,572,,,Gabinete,,,OFC da Roupa,,
,573,,10912580,Monitor,Positivo,W1946PW,OFC da Roupa,,
,574,,,Gabinete,,P8H61-M LE,Estoque,,
,575,,1953AIA005118,Monitor,AOC,,OFC da Roupa,,
,576,,,Gabinete,HP,,OFC da Roupa,,
,577,,1AD51S17H,Gabinete,Positivo,Master D360,OFC da Roupa,,
,578,,10907634,Monitor,Positivo,W1946PW,OFC da Roupa,,
,579,,AAN73068916,Monitor,Positivo,,Escritório,,
,580,,,Gabinete,,,OFC da Roupa,,
,581,,968GSX201200437,Gabinete,,,OFC da Roupa,,
,582,,,,,,,,
,583,,BRG321F439,,HP,Compaq Pro 6305,OFC da Roupa,,
,584,,,Servidor,,,Estoque,,
,585,,,,,,,,
,586,,,Servidor,,,Estoque,,
,587,,BRG228FD1G,Notebook,HP,Pavilion dm4-2165br,,,
,588,,,Adaptador AC,,DIANYUAN/101-2,,,
,589,,,,,,,,
,590,,PA-1650-02PB W8NW3,Adaptador AC,Dell,LA65NS2-01,,,
,591,,WMAYP0F2F1EP,HDD,HP,MB0500GCEHE,,,
,592,,M39B5170FH0-CH9 1126,Memória,Samsung,,Concert,,
,593,,M393B5170FH0-CH9 1126,Memória,Samsung,M393B5170FH0-CH9,Estoque,,
,594,,M39B5170FH0-CH9 1126,Memória,Samsung,,,,
,595,,M393B5170FH0-CH9 1126,Memória,Samsung,M393B5170FH0-CH9,Estoque,,
,596,,M393B5170FH0-CH9 1126,Memória,Samsung,M393B5170FH0-CH9,Estoque,,
,597,,M39B5170FH0-CH9 1126,Memória,Samsung,,Concert,,
,598,,M39B5170FH0-CH9 1126,Memória,Samsung,,960,,
,599,,M39B5170FH0-CH9 1126,Memória,Samsung,,960,,
,0599(?),,MS3YX01S,HDD,Hitachi,HDE721010SLA330,,,
,060?,,,Placa Controladora,,,,,
,600,,S2AHK22B,HDD,Seagate,ST500DM002,960,,
,601,,5QG1ALEB,HDD,Seagate,ST3500630NS,,,
,602,,Z3TEBS2D,HDD,Seagate,ST500DM002,Estoque,,
,603,,S2NWJ50B418605,HDD,Samsung,HD103SJ,Estoque,,
,604,,5H2K55ML,HDD,Toshiba,HDS721050DLE630,Estoque,,
,605,,,,,,,,
,606,,YTAC181002886,SSD,SuperSSpeed,S540,Escritório,,
,607,,,Gabinete,Dell,PowerEdge T310,,,
,608,,,Memória,Smart,,,,
,609,,SBR2015050514781,Memória,Smart,,,,
,610,,,,,,,,
,611,,CN-0JW063-13740-071-006R-A06,Placa Controladora,Dell,0JW063,Estoque,,
,612,,SBR2010032007192,Memória,Smart,,Estoque,,
,613,,SBR2010010615209,Memória,Smart,M378B2873EH1-CF8,Estoque,,
,614,,SBR2010010615245,Memória,Smart,,Estoque,,
,615,,SBR1013122123331,Memória,Smart,,Estoque,,
,616,,SBR2013122123587,Memória,Smart,,Escritório,,
,617,,SBR2010010615212,Memória,Smart,,Estoque,,
,618,,,Memória,,,Estoque,,
,619,,D401700003791,Memória,Megaware,,Escritório,,
,620,,D401700009979,Memória,Megaware,,Escritório,,
,621,,407DHK20071651,Memória,Brazil PC,BPC1333D3CL9/4G,Estoque,,
,622,,407DHK20071625,Memória,Brazil PC,,Escritório,,
,623,,CP19CP06219560,Memória,Excellence,Z471CAP32816-1022 0921,Estoque,,
,624,,CP19CP06219558,Memória,Excellence,Z471CAP32816-1022 0921,Estoque,,
,625,,BSMH1871515,Memória,Kingston,,Escritório,,
,626,,CKMK16B1940,Memória,Kingston,,Escritório,,
,627,,CKMK16B1940,Memória,Kingston,,Estoque,,
,628,,AVF6456U64F9333GF-NYXBP,Memória,Avant,AVF6456U64F9333GF-NYXBP,Estoque,,
,629,,AVF6456U64F9333GX-EXXP,Memória,Avant,M2F2G64CB88B7N-CG,Estoque,,
,630,,MB8410112860005800,Memória,Ramaxel,RMR1870EF48E8W-1333,Estoque,,
,631,,MB8410112860005705,Memória,Ramaxel,RMR1870EF48E8W-1333,Estoque,,
,632,,MB8410112860004643,Memória,Ramaxel,RMR1870EF48E8W-1333,Estoque,,
,633,,SBR202101280958,Memória,Smart,,Escritório,,
,634,,2-NRXEF,Memória,Kingston,KVR1333D3N9/4G,Estoque,,
,635,,HPMB3-YR9DX,Memória,Kingston,,Escritório,,
,636,,39377,Memória,Hynix,HYMP525F72CP4N3-Y5,Estoque,,
,637,,0V0964005DZ,Memória,Hynix,HYMP151F72CP4N3-Y5,Estoque,,
,638,,39374,Memória,Hynix,HYMP525F72CP4N3-Y5,Estoque,,
,639,,0V0964005CL,Memória,Hynix,HYMP151F72CP4N3-Y5,Estoque,,
,640,,,Servidor,,,Estoque,,
,641,,,,,,,,
,642,,,,,,,,
,643,,,,,,,,
,644,,,Memória,,,Lecil,,
,645,,,Memória,,,Lecil,,
,646,,,Memória,,,Lecil,,
,647,,,Memória,,,Lecil,,
,648,,,Memória,,,Concert,,
,649,,,Memória,,,Concert,,
,650,,,Memória,,,Concert,,
,651,,11S77P8919YH10MS18T05W,Memória,Samsung,M393B1K70CH0-YF8,Estoque,,
,652,,,Memória,,,Concert,,
,653,,1.00E+15,Memória,Hynix,HMT31GR7BFR4C-PB,Estoque,,
,654,,,,,,Concert,,
,655,,,Memória,,,Concert,,
,656,,,Switch,Arista,7050QX-32S,,,
,657,,,Servidor,HP,Proliant DL380 Gen9,,,
,658,,,Servidor,HP,Proliant DL380 Gen9,,,
,659,,,Switch,Arista,7050QX-32S,,,
,660,,465769T+1314XY0FDA,Placa de Rede,Oracle,ATLS1QGE,Estoque,,
,661,,465769T+1314XY0GE1,Placa de Rede,Oracle,ATLS1QGE,Estoque,,
,662,,HMT31GR7CFR4A-PB T8 AF 1327,Memória,Hynix,,Escritório,,
,663,,MO0177,Memória,Hynix,HYMP151F72CP4N3-Y5,Estoque,,
,664,,MO0178,Memória,Hynix,HYMP151F72CP4N3-Y5,Estoque,,
,665,,SBR2008050804316,Memória,Smart,M395T5750EZ4-CE6,Estoque,,
,666,,SBR2007100102683,Memória,Smart,SG5SD42N2G1CDNDSED,Estoque,,
,667,,SBR2007100102685,Memória,Smart,SG5SD42N2G1CDNDSED,Estoque,,
,668,,SBR2007100102687,Memória,Smart,SG5SD42N2G1CDNDSED,Estoque,,
,669,,HMT31GR7BFR4A-H9 T7 AE 1203,Memória,Hynix,,Concert,,
,670,,HMT31GR7BFR4A-H9 T7 AB 1126,Memória,Hynix,,Concert,,
,671,,MT36KSF2G72PZ-1G4E1FG,Memória,Micron,,Concert,,
,672,,MT36KSF2G72PZ-1G4E1FG,Memória,Micron,MT36KSF2G72PZ-1G4,Estoque,,
,673,,JTWTXZWJ,HDD,DELL,HUS156030VLS600,Estoque,,
,674,,JXYU54TN,HDD,Dell,HUS156030VLS600,Estoque,,
,675,,,HDD,,,,,
,676,,M391B5673EH1-CH9 0947,Memória,Samsung,,Escritório,,
,677,,M391B5673EH1-CH9 0947,Memória,Samsung,,Escritório,,
,678,,M391B5673EH1-CH9 0947,Memória,Samsung,,Escritório,,
,679,,M391B5673EH1-CH9 0947,Memória,Samsung,,Escritório,,
,680,,EXPI9301CTBLK,Placa de Rede,Intel,,,,
,681,,465769T+1325ED027P,Placa Host Channel Adapter,Oracle,7057402,Estoque,,
,682,,465769T+1324ED024Y,Placa Host Channel Adapter,Oracle,7057402,Estoque,,
,683,,465769T+1324ED026K,Placa Host Channel Adapter,Oracle,7057402,Estoque,,
,684,,465769T+1321TC060N,Placa Controladora,Oracle,7056272,,,
,685,,465769T+1314XY0FDA,Placa de Rede,Oracle,ATLS1QGE,,,
,686,,465769T+1314XY0GE1,Placa de Rede,Oracle,ATLS1QGE,Estoque,,
,687,,465769T+1314XY0G2N,Placa de Rede,Oracle,ATLS1QGE,,,
,688,,BLY2018090001,Switch de Fibra,,BLY-2G4E-AB20,Estoque,,
,689,,AA30147900455(000),Ethernet Bridge,Planet,FT-802(V4),Estoque,,
,690,,BFD1318L23027,Placa Dual Fibra,Dell Qlogic,QLE2562 - DELL,Estoque,,
,691,,BFD1309J44660,Placa Dual Fibra,Oracle Qlogic,QLE2562 - SUN,,,
,692,,BFD1309J44565,Placa Dual Fibra,Oracle Qlogic,QLE2562 - SUN,Estoque,,
,693,,LFD1033E59696,Placa Dual Fibra,Qlogic,QLE2462 - HP,Estoque,,
,694,,LFD1142W38734,Placa Dual Fibra,IBMX,QLE2562 - IBMX,Estoque,,
,695,,BFD1202U14330,Placa de Rede,Qlogic,QLE2562 - IBMX,Estoque,,
,696,,MLXVM94735084,Placa Dual Fibra,Emulex,LPe11002-E,Estoque,,
,697,,,,,,,,
,698,,RFD1227C33469,Placa Dual Fibra,WB,QLE2562-WB,Estoque,,
,699,,UA14D6Q,Placa Mono Fibra,Emulex,LPE1150-E,Estoque,,
,700,,43W7511YK50209CGAZ8,Placa Dual Fibra,IBM,43W7512,Estoque,,
,701,,MLXVM94734736,Placa Dual Fibra,Emulex,LPe11002-E,Estoque,,
,702,,RFC0922L04411,Placa Dual Fibra,Qlogic,QLE2562,Estoque,,
,703,,RFD1314K48457,Placa Dual Fibra,Qlogic,QLE2562 - WB,Estoque,,
,704,,0C3FD6SD,SSD,Kingston,SUV400S37/240G,,,
,705,,SBFKB1H5,SSD,Kingston,SA400S37/240G,,,
,706,,SBFKK1C3,SSD,Kingston,SA400S37/480G,,,
,707,,,,,,,,
,708,,BFHX1E4F,HDD,Hitachi,HUA722020ALA330,Escritório - Concert,,
,709,DEFEITO,ZFL0CZCH,HDD,Seagate,ST2000DM008,,,
,710,,ZFL0CZSE,HDD,Seagate,ST2000DM008,,,
,711,DEFEITO,ZFL0D04V,HDD,Seagate,ST2000DM008,,,
,712,,ZFL0D9X0,HDD,Seagate,ST2000DM008,Estoque,,
,713,,Y964K0IUF7EE,HDD,Dell,MG04ACA200NY,,,
,714,,,HD,,,,,
,715,,,,,,,,
,716,,,HD,,,,,
,717,,S36VJ9BGC10879,HD,,ST2000LM003,Estoque,,
,718,,S33FJ5EF600286,HD,,ST1000LM024,Concert,,
,719,,WXP1E884L7M4,HD,,WD10SPZX,Concert,,
,720,,Y964K0IUF7EE,HDD,Dell,MG04ACA200NY,Estoque,,
,721,,,HDD,,,,,
,722,,WCC6Y6KHR5CS,HDD,Western Digital,WD10EZEX,960,,
,723,,,HDD,,,,,
,724,,Z1W5RSRW,HD,Lenovo,SL10A28664,960,,
,725,,1803E10B5781,SSD,Crucial,CT2000MX500SSD1,584,,
,726,,,,,,,,
,727,,,,,,,,
,728,,,,,,,,
,729,,,,,,,,
,730,,BFHX4SUF,HDD,Hitachi,HUA722020ALA330,Concert,,
,731,,R106K0VK,HDD,Hitachi,HDT725025VLA380,Estoque,,
,732,,6VPKTT05,HDD,Seagate,ST31000524AS,960,,
,733,,Z1D3FXYV,HDD,Seagate,ST1000DM003,,,
,734,,S1DDSM3Q,HDD,Seagate,ST1000DM003,,,
,735,,W9A32ETV,HDD,Seagate,ST1000DM003,,,
,736,,9WJ00SJW,HDD,Dell,ST3500414SS,Estoque,,
,737,,9WJ02Y4X,HDD,Dell,ST3500414SS,Estoque,,
,738,,123103460FB9,HDD,Micron,MTFDDAC050SAL,Concert,,
,739,,1074F64MX21069G,Memória,Samsung,M393B5273DH0-YH9,122,,
,740,,1074F64MX21045Q,Memória,Samsung,M393B5273DH0-YH9,962,,
,741,,1074F64MX2123JM,Memória,Samsung,M393B5273DH0-YH9,962,,
,742,,,HDD,,,,,
,743,,,,,,,,
,744,,,,,,,,
,745,,,,,,,,
,746,,,,,,,,
,747,,,,,,,,
,748,,,,,,,,
,749,,,,,,,,
,750,,Y050KK14Y113,Placa de Rede,Intel,49Y4242,,,
,751,,Y050KK24T25B,Placa de Rede,Intel,49Y4242,,,
,752,,Z1P56SF4,HDD,Seagate,ST2000NM0011,Concert,,
,753,,,Servidor,Dell,T110,,,
,754,,1835,HDD,Netcore,,,,
,755,,M393B2G70QH0-YK0 1427,HDD,Samsung,,,,
,756,,M393B2G70D80-YK0 1445,HDD,Samsung,,,,
,757,,DPACWH6001,HDD,Micron,,,,
,758,,DPACYWG001,HDD,Micron,,,,
,759,,CN-0VM02C-77921-5CI-00GW-A12,,Dell,UCPA-801,,,
,760,,9VMCDJFF,HDD,Seagate,ST3500418AS,Escritório - Concert,,
,761,,465769T+1324ED0267,Placa Host Channel Adapter,Oracle,7057402,Estoque,,
,762,,,Placa de Rede Quad,,ATLS1QGE,Estoque,,
,763,,BFD1309J44695,Placa Dual Fibra,Qlogic,QLE2562 - SUN,Estoque,,
,764,,BFD1309J44566,Servidor,Qlogic,QLE2562 - SUN,,,
,765,,,,,,,,
,766,,NALDA-494M75-TW8H6,Memória,Kingston,KVR13N9S8/4,Estoque,,
,767,,BLJR8-098MC5-7V9RR,Memória,Kingston,,,,
,768,,36LVU-H9MM31-HWMKB,Memória,Kingston,,,,
,769,,CBJNF-K91M6X-TV9LL,Memória,Kingston,KVR13N9S8/4,Estoque,,
,770,,YTAI201202201,SSD,SuperSSpeed,S540,,,
,771,,WCAU44598756,HDD,Western Digital,WD10EAVS,,,
,772,,BTP170809VA018098,HDD,,BTP010302001000,,,
,773,,1LNS2V1,Gabinete,Dell,Optiplex 990,,,
,774,,HMT42GR7MFR4A-H9 T3 AF 1349,Memória,Hynix,HMT42GR7MFR4A-H9,Estoque,,
,775,,HMT42GR7MFR4A-H9 T3 AF 1349,Memória,Hynix,HMT42GR7MFR4A-H9,Estoque,,
,776,,HMT42GR7MFR4A-H9 T3 AF 1349,Memória,Hynix,,,,
,777,,HMT42GR7MFR4A-H9 T3 AF 1349,Memória,Hynix,,,,
,778,,298163,Memória,Hynix,HMT42GR7AFR4A-PB,Estoque,,
,779,,298160,Memória,Hynix,HMT42GR7AFR4A-PB,Estoque,,
,780,,MT36KSF2G72PZ-1G6E1H1 1520,Memória,Micron,,Concert,,
,781,,MT36KSF2G72PZ-1G6E1HI 1428,Memória,Micron,,Concert,,
,782,,MT36KSF2G72PZ-1G4E1FG 1325,Memória,Micron,,Concert,,
,783,,MT36KSF2G72PZ-1G4E1FG 1325,Memória,Micron,,Concert,,
,784,,MT36KSF2G72PZ-1G4E1FG 1321,Memória,Micron,,Concert,,
,785,,MT36KSF2G72PZ-1G4E1FG 1325,Memória,Micron,,Concert,,
,786,,MT36KSF2G72PZ-1G4E1FG 1325,Memória,Micron,,Concert,,
,787,,MT36KSF2G72PZ-1G4E1FG 1325,Memória,Micron,,Concert,,
,788,,MT36KSF2G72PZ-1G4E1FG 1325,Memória,Micron,,Concert,,
,789,,MT36KSF2G72PZ-1G4E1FG 1325,Memória,Micron,,Concert,,
,790,,80CE0216163228E5E1,Memória,Samsung,,,,
,791,,M393B2G70EB0-YK0Q2 M1616,Memória,Samsung,,,,
,792,,80CE0216163228E773,Memória,Samsung,,,,
,793,,80CE0216163228CD5A,Memória,Samsung,,,,
,794,,80CE0216163228ECF3,Memória,Samsung,,,,
,795,,80CE0216163228CDA4,Memória,Samsung,,,,
,796,,M393B2G70BH0-YK0 1344,Memória,Samsung,,,,
,797,,1.00E+15,Memória,Samsung,,,,
,798,,M393B2G70DB0-TK0 1343,Memória,Samsung,,,,
,799,,M393B2G70DB0-YK0,Memória,Samsung,,,,
,800,,1.00E+15,Memória,Samsung,,,,
,801,,80CE0216163228CD85,Memória,Samsung,,,,
,802,,80CE0316121567BCDF,Memória,Samsung,,,,
,803,,Y050KK34H0JV,Placa de Rede,IBM,49Y4242,Estoque,,
,804,,Y051KK37T0V8,Placa de Rede,IBM,49Y4242,Estoque,,
,805,,MT36KSF2G72PZ-1G4E1FG 1321,Memória,Micron,,,,
,806,,0V1534027QR,Memória,Micron,MT18KSF1G72PZ-1G6E1HE,122,,
,807,,0V1534023M0,Memória,Micron,MT18KSF1G72PZ-1G6E1HE,122,,
,808,,BR 00RTP1 11050 47H 0ID4,Memória,Smart,SH5722G4FJ8P6TNSQS,Estoque,,
,809,,1.74E+11,SSD,Sandisk,SDSSDA-240,Estoque,,
,810,,,,,,,,
,811,,BR 00RTP1 11050 47H 0IG1,Memória,Smart,SH5722G4FJ8P6TNSQS,Estoque,,
,812,,BR 00RTP1 11050 47H 0IDJ,Memória,Smart,SH5722G4FJ8P6TNSQS,Estoque,,
,813,,BR 00RTP1 11050 47H 0IHE,Memória,Smart,SH5722G4FJ8P6TNSQS,Estoque,,
,814,,71L7A-YHXM4U-RR96B,Memória,Kingston,,,,
,815,,71JW3-TH8M65-UR999,Memória,Kingston,,,,
,816,,BJLRM-091H02-HWB5F,Memória,Kingston,KVR1333D3N9/2G,Estoque,,
,817,,03JP6-R9D9LP-7V9YJ,Memória,Kingston,KVR1333D3N9/2G,Estoque,,
,818,,W0LK8-19JCU4-WW9Q6,Memória,Kingston,KVR1333D3N9/2G,Estoque,,
,819,,11086937-A-3012-L-0K61,Memória,Positivo,,,,
,820,,11086937-A-3012-L-1044,Memória,Positivo,,,,
,821,,11076675-A-2211-D-0338,Memória,Positivo,,,,
,822,,11076675-A-3411-L-2654,Memória,Positivo,,,,
,823,,YTAI200811023,SSD,SuperSSpeed,S540,,,
,824,,,,,,,,
,825,,CZVW287N,HDD,HGST,HUS156060VLS600,Estoque,,
,826,,CZW9LNYL,HDD,HGST,HUS156060VLS600,Estoque,,
,827,,Z1E44A0Y,HDD,Seagate,ST2000DM001,Estoque,,
,828,,SA8-8G1600U64X8,Memória,Smith Memory,,,,
,829,,CP19CP06219559,Memória,Excellence,Z471CAP32816-1022 0921,Estoque,,
,830,,90E2BA7A342C 204AD G18758-004,Placa de Rede,Intel,01P8D1,,,
,831,,CN-047MCV-75435-3BD-0171-A05,Placa Controladora,Dell,UCS-71 - H200,Estoque,,
,832,,CN-0JW063-13740-88V-00PS-A05,Placa Controladora,Dell,UCS-61,,,
,833,,CN-0JW063-13740-978-03MC-A06,Placa Controladora,Dell,UCS-61,,,
,834,,,Servidor,,,,,
,835,,,Servidor,,,,,
,836,,S1516JKG7,Memória,Kingston,,,,
,837,,S1516JKF7,Memória,Kingston,,,,
,838,,,,,,,,
,839,,,,,,,,
,840,,,,,,960,,
,841,,S1516JKG8,Memória,Kingston,,,,
,842,,Z1DCMJ3N,HDD,Seagate,ST1000DM003,,,
,843,,WCAU48363731,HDD,Western Digital,WD10EADS-00L5B1,,,
,844,,535DYWLNS,HDD,Toshiba,DT01ACA100,Concert,,
,845,,6SJ5HB5B,HDD,Dell,HUS156030VLS600,Estoque,,
,846,,Y966K4HCF7EE,HDD,Dell,MG04ACA200NY,Estoque,,
,847,,Z1P4ZMRJ,HDD,Seagate,ST2000NM0011,Concert,,
,848,,6SL6CV7W,HDD,Seagate,ST3600057SS,Estoque,,
,849,,S0M1BAQP,HDD,Dell,ST600MM0006,Estoque,,
,850,,,,,,122,,
,851,,,,,,962,,
,852,,,,,,,,
,853,,,,,,,,
,854,,,,,,122,,
,855,,M393B5170FH0-CH9 1126,Memória,Samsung,,Concert,,
,856,,M393B5170FH0-CH9 1123,Memória,Samsung,,Concert,,
,857,,EVMT2G1333U86D 1202000002167,Memória,Avant,DMT125U6TFR8C-H9N0,Estoque,,
,858,,SBR2011080315405 PB110803-A58,Memória,Smart,,Concert,,
,859,,M393B5170FH0-CH9 1114,Memória,Samsung,M393B5170FH0-CH9,Estoque,,
,860,,M393B5170FH0-CH9 1114,Memória,Samsung,M393B5170FH0-CH9,Estoque,,
,861,,RYY083379,Placa de Vídeo,Core,Radeon 6570 650M,Estoque,,
,862,,KLJ3SZ6F,HDD,Oracle,HUC109030CSS600,Estoque,,
,863,,KQHVJ4XN,HDD,Oracle,HUC109030CSS600,Estoque,,
,864,,KLJ4DSSF,HDD,Oracle,HUC109030CSS600,Estoque,,
,865,,KQHVJ2LN,HDD,Oracle,HUC109030CSS600,Estoque,,
,866,,,Gabinete,Dell,PowerEdge T110 II,,,
,867,,86Q0A04PF08C,HDD,,HDEBF03DBA51,Estoque,,
,868,,9690A0R7F08C,HDD,,HDEBF03DBA51,Estoque,,
,869,,86R0A032F08C,HDD,,HDEBF03DBA51,Estoque,,
,870,,CN-0FN848-28298-28R-0041-A16,SWITCH,Dell,PowerConnect 6224F,Estoque,,
,871,,USB912UALX,SWITCH,HP,AM868A - HPE 8/24 SAN Switch,Estoque,,
,872,,K0VP000747212D79CF,Memória,Samsung,M378B5173DB0-CK0,Estoque,,
,873,,,,,,,,
,874,,,Gabinete,Dell,478VN,Estoque,,
,875,,,,,,,,
,876,,,,,,,,
,877,,,,,,,,
,878,,,,,,,,
,879,,,,,,,,
,880,,,,,,,,
,881,,,,,,,,
,882,,1074F64MX2104TG,Memória,Samsung,M393B5273DH0-YH9,962,,
,883,,M31B5273CH0 - CH9,Memória,Samsung,M31B5273CH0-CH9,Estoque,,
,884,,OP 001778 HBS20131104 002869,Memória,HBS,HB3DU004GFM8MML16,Estoque,,
,885,,,Memória,,,960,,
,886,,OP 001781 HBS20131107 001532,Memória,HBS,HB3DU004GFM8MML16,Estoque,,
,887,,,Memória,,,Estoque,,
,888,,5160922037,Memória,,TPD38G1600HC11BK,Estoque,,
,889,,5141217034,Memória,,TPD34G1333HC9BK,Estoque,,
,890,,,Servidor,Dell,R720,BRT,,
,891,,,Gabinete,,Pentium 3Ghz,OFC da Roupa,,
,892,,,,,,,,
03/10/2017,893,,,Switch,,,Estoque - Concert,,
03/10/2018,894,,MY-0YT674-12402-99H-00L9,Placa de Rede,,CPU-D42543(B),Estoque,,
03/10/2019,895,,NA6A56TD,Storage NAS,Seagate,STCU100,Estoque,,
03/10/2020,896,,,Carregador 0895,,,Estoque,,
,897,,,,,,,,
,898,,PB9C6019VUI2O9,Placa de Vídeo,NVIDIA,NVIDIA Quadro NVS 285,Estoque,,
04/10/2022,899,,5VMK2AWK,HDD,Seagate,ST3250318AS,Estoque,,
04/10/2022,900,,Z15WTPT,HDD,Dell,ST4000NM0033,Estoque,,
04/10/2022,901,,Z1Z5WWK4,HDD,Dell,ST4000NM0033,Estoque,,
04/10/2022,902,,Z1Z65B1B,HDD,Dell,ST4000NM0033,Estoque,,
04/10/2022,903,,Z1Z65BNG,HDD,Dell,ST4000NM0033,Estoque,,
04/10/2022,904,,Z1Z5WVN8,HDD,Dell,ST4000NM0033,Estoque,,
04/10/2022,905,,Z1Z5WT3V,HDD,Dell,ST4000NM0033,Estoque,,
04/10/2022,906,,S36VJ9BGC10869,HDD,Seagate,ST2000LM002,Estoque,,
04/10/2022,907,,S36VJ9BGC10874,HDD,Seagate,ST2000LM002,Estoque,,
04/10/2022,908,,WXH1A59RYXVF,HDD,WD,WD0SPZX,Concert,,
04/10/2022,909,,WX21A68RY858,HDD,WD,WD0SPZX,Concert,,
04/10/2022,910,,WXR1A484NZ7Z,HDD,WD,WD0SPZX,Concert,,
04/10/2022,911,,WXM1A486VRYR,HDD,WD,WD0SPZX,Concert,,
04/10/2022,912,,X3VMT6CTT S23 HDKBB97H0A01 T,HDD,Toshiba,MQ01ABD075,Estoque,,BKP
04/10/2022,913,,3NP1TFHD,HDD,HP,DG072ABAB3,Estoque,,
04/10/2022,914,,3NP1XGKZ,HDD,HP,DG072ABAB3,Estoque,,
04/10/2022,915,,3NP1LFTD,HDD,HP,DG072ABAB3,Estoque,,
04/10/2022,916,,3NP12605,HDD,HP,DG072ABAB3,Estoque,,
04/10/2022,917,,3NP11Y25,HDD,HP,DG072ABAB3,Estoque,,
04/10/2022,918,,3NP12AHP,HDD,HP,DG072ABAB3,Estoque,,
04/10/2022,919,,3NP11ZDE,HDD,HP,DG072ABAB3,Estoque,,
04/10/2022,920,,3NP1SPLT,HDD,HP,DG072ABAB3,Estoque,,
04/10/2022,921,,3NP1TRM0,HDD,HP,DG072ABAB3,Estoque,,
04/10/2022,922,,B65P750SGF9,HDD,HP,MAY2073RC,Estoque,,
04/10/2022,923,,9RY1KPDM,HDD,Maxtor,STM3250310AS,Estoque,,
04/10/2022,924,,WCAYUY873908,HDD,WD,WD3200AAKX,Estoque,,
04/10/2022,925,,S2AGZQG7,HDD,Seagate,ST500DM002,Concert,,
04/10/2022,926,,6VMY7BHQ,HDD,Seagate,ST3500413AS,Concert,,
04/10/2022,927,,S2BWJ6B50390,HDD,Samsung,HD502HJ,Estoque,,
04/10/2022,928,DEFEITO,WCAWF2523015,HDD,WD,WD5000AAKS,Estoque,,
04/10/2022,929,,3QD0TFSE,HDD,Seagate,ST350640NS,Estoque,,
04/10/2022,930,,3QD0YQRL,HDD,Seagate,ST350640NS,Estoque,,
,931,,3.31E+15,SSD,SOmnAmbulist,H650-240,Estoque,,
,932,,4.13E+11,SSD,Dato,DS700SSD-240,Estoque,,
,933,,21520065955,SSD,Adata,ASU630SS-240GQ,Estoque,,
,934,,2J1720156555,SSD,Adata,ASU650SS-120GT,Estoque,,
,935,,2.12E+14,SSD,Warrior,W500-480,Matheus Lopes,,
,936,,WXL1A19EXXH5,SSD,Western Digital,WD10SPZX,Concert,,
,937,,WXS1A68K44C7,SSD,Western Digital,WD10SPZX,Concert,,
,938,,443781P+1347H00NM0,SSD,Sun Oracle,Z16IZF2E-73UCU-ORC,Estoque,,
,939,,443781P+1332H00KFU,SSD,Sun Oracle,Z16IZF2E-73UCU-ORC,Estoque,,
,940,,Z1P53VSF,HDD,Seagate,ST2000NM0011,584,,
,941,,6SJ5JKLL,HDD,DELL,ST3300657SS,584,,
,942,,3SJ15LBW,HDD,DELL,ST3300657SS,584,,
,943,,1323037cb267,,,MTFDDAC050SAL,Concert,,
,944,,12310346161F,SSD,,MTFDDAC050SAL,Concert,,
,945,,1074F64MX2123V4,Memória,,,962,,
,946,,CN-0WD6D2-77921-57R-00DT-A01,Placa,,0WD6D2,Estoque,,
,947,,CN-0WD6D2-13740-2A9-00IS-A00,Placa,,0WD6D2,Estoque,,
,948,,434982-001,,,HSTNS-BN25,,,
,949,,1074F64MX2121KB,Memória,Samsung,M393B5273DH0-YH9,962,,
,950,,1074F64MX2170KA,Memória,Samsung,M393B5273DH0-YH9,962,,
,951,,RAKWE04XMZX0HC,Memória,Micron,MT18JSF25672PDZ-1G4F1DD,Estoque,,
,952,,RAKWE04XMZWGVB,Memória,Micron,MT18JSF25672PDZ-1G4F1DD,Estoque,,
,953,,RAKWE04XMZX0GK,Memória,Micron,MT18JSF25672PDZ-1G4F1DD,Estoque,,
,954,,50LK6-537MB9-2WB8F,Memória,Kingston,KVR1333D3N9/4G,Escritório - Concert,,
,955,,OP 001778 HBS20131104 002966,Memória,HBS,HB3DU004GFM8MML16,Estoque,,
,956,,SBR2011101793499,Memória,Smart,M391B5773CH0-CH9,Estoque,,
,957,,MY5124200V,Placa Dual Fibra,HP,QLE2562 - HP,Estoque,,
,958,,VA23S34213,Placa de Rede,Supermicro,AOC-SG-I4,Estoque,,
,959,,5.87E+11,Memória,WinMemory,WH5SD8G8C3UAZ,,,
,960,,,,,,,,
,961,,5.87E+11,Desktop,lenovo,thinkcentre - IH11CX REV 1.0,,,
,962,,,,,Servidor ,Encontre sua franquia,,
,963,,601A4010AB21065,Fonte,Liteon,PS-21112-2L,,,
,964,,SBR2010032505778,Memória,Smart,M37885673EH1-CF8,Estoque,,
,965,,1112-218,Placa de Rede,Dex,DP-02,Estoque,,
,966,,1111-091,Placa de Rede,Dex,DP-02,Estoque,,
,967,,1112-218,Placa de Rede,Dex,DP-02,Estoque,,
,968,,1415-091,Placa de Rede,Dex,DP-02,Estoque,,
,969,,1251-046,Placa de Rede,Dex,DP-02,Estoque,,
,970,,13898606229,Placa de Rede,Rohs,TG-3468,Estoque,,
,971,,13273908097,Placa de Rede,Rohs,TL-WN751ND,Estoque,,
,972,,2.18E+12,Placa de Rede,Rohs,TG-3269(UN),Estoque,,
,973,,8139DL2013070209512,Placa de Rede,Realtek,RTL8139D,Estoque,,
,974,,12869703535,Placa de Rede,Rohs,TL-WN751ND,Estoque,,
,975,,5.03E+13,Placa de Rede,Encore,ENLWI-G2,Estoque,,
,976,,0007E9143EC8 512AD 741462-008,Placa de Rede,Intel,Intel PRO/100+,Estoque,,
,977,,1548 2220 0942 4297 1900 2010,Placa de Rede,Intel,Intel PRO/1000 GT,Estoque,,
,978,,0002B308F26B 33013 721383-010,Placa de Rede,Intel,Intel PRO/100,Estoque,,
,979,,QB 9L1B90 09 325,Placa de Rede,Gigabit,DGE-528T,Estoque,,
,980,,120202583N310,Placa de Rede,Mymax,MLAN/N310S,Estoque,,
,981,,VA26S31896,Placa Controladora,Supermicro,AOC-SAS2LP-H8IR,Estoque,,
,982,,PCI3124,Placa Controladora,IOCrest,PCI3124-4IR,Estoque,,
,983,,CN-0U8735-48630-893-00S4,Bateria Recarregável,Dell,P9110,Estoque,,
,984,,,HD,,,Estoque,,
,985,,123651,Gabinete,,IPMH61R3,Estoque,,
,986,,3.60E+13,Fonte,Wise,WS 500 P425,574,,
,987,,,Fonte,,,874,,
,988,,67LTT-6HCMTT-XR8BPF,Memória,Kingston,KVR1333D3N9/4G,874,,
,989,,Q1LPF-5HNMCJ-8R1EB,Memória,Kingston,KVR1333D3N9/4G,874,,
,990,,CN21624590,Placa de Vídeo,NVIDIA,NVS 300,874,,
,991,,WDKUN0AS94Y147,Adaptador AC,HP,TPC-LA52,Estoque,,
,992,,131747-11,Adaptador AC,APD,DA-90F19,Estoque,,
,993,,HB6SD606783020211,Adaptador AC,LG,ADS-24S-12 1224GPBR,Estoque,,
,994,,WACLNOVMWW2UN,Adaptador AC,HP,PA-1650-02HN,Lixo,,
,995,,4354-13-3111,Carregador,Multilaser,TCBR-12,Estoque,,
,996,,1801-0001552,Adaptador AC,Ubiquiti,GP-F120-100,Estoque,,
,997,,NPF320210910,Adaptador AC,HP,N17908,Estoque,,
,998,,592C40ALLT70XL,Adaptador AC,HP,N18152,Estoque,,
,999,,,Adaptador AC,,WLX100GY-12V-3A,Estoque,,
,1000,,100056-12,Carregador,Alcatel,S003KV0500040,Estoque,,
,1001,,M004 31510603125,Carregador,Alcatel,WEU350mA5V00-00,Estoque,,
,1002,,62971320544,Carregador,Alcatel,TUUS050055-B00,Estoque,,
,1003,,WBGTL0BM32JNQH,Adaptador AC,HP,N20789,Estoque,,
,1004,,,Adaptador AC,,1AA-050-0200-A,Estoque,,
,1005,,289044565,Adaptador AC,APD,WA-36A12,Estoque,,
,1006,,,Carregador,,NQBCD2BR,Estoque,,
,1007,,311304423J1032918T7,Adaptador AC,Netgear,ADB810F10,Estoque,,
,1008,,CN07BN4400394DSE38B4HD08L,Adaptador AC,Samsung,AD-3014N,Estoque,,
,1009,,,Adaptador AC,Lelong,LE-2561,Estoque,,
,1010,,67EW07C02AJ,Adaptador AC,Delta,ADP-65JH CB,Estoque,,
,1011,,419966,Adaptador AC,FE,FE 12 01A,Estoque,,
,1012,,19013C15119771,Adaptador AC,Sagemcom,NBS30E120250HB,Estoque,,
,1013,,148739711 0045941*,Adaptador AC,SONY,VGP-AC10V5,Estoque,,
,1014,,CN-0KD045-15544-56U-8531,Fonte,Dell,7000880-0000,Estoque,,
,1015,,CN-0KD045-15544-56U-8534,Fonte,Dell,7000880-0000,Estoque,,
,1016,,GEVD1534013347,Fonte,Advantech,DPS-350AB-24 A,Estoque,,
,1017,,GEVD1534012648,Fonte,Advantech,DPS-350AB-24 A,Estoque,,
,1018,,115106,Fonte,Dell,0R5RV4,Estoque,,
,1019,,CN-00G05V-47890-114-019X-A02,Fonte,Dell,H525EF-00,Estoque,,
,1020,,CN-00G05V-47890-14E-010F-A02,Fonte,Dell,H525EF-00,Estoque,,
,1021,,CM1044111601102,Fonte,Duex,DX 500 FSE,Estoque,,
,1022,,SNNVX35MXYB920740,Fonte,Aero Cool,VX-350,Estoque,,
,1023,,,Fonte,Dmix,AF-600,Estoque,,
,1024,,TL-WR740N(BR)1240-11-3177,Roteador,TP-LINK,TL-WR740N,Estoque,,
,1025,,,Carregador,Leader Electronics,MT12-412000-A1,Estoque,,
,1026,,AHY18HC00857,Roteador VPN,Linksys,RV042,Estoque,,
,1027,,NKS1091980,Roteador VPN,Cisco,RV042,Estoque,,
,1028,,DHY006108213,Roteador VPN,Linksys,RV042,Estoque,,
,1029,,CE0906P210036,Printer Server,TRENDnet,TE100-P21/A,Estoque,,
,1030,,135B3300524,Roteador VPN,TP-LINK,TL-R600VPN,Estoque,,
,1031,,135B3300523,Roteador VPN,TP-LINK,TL-R600VPN,Estoque,,
,1032,,PT00-170708062,Adaptador AC,Billion,BA018-050250AXE,Estoque,,
,1033,,11S43X5052YH10MV005DYXFRU,Memória,Micron,MT36JBZS51272PY-1G4D1AB,960,,
,1034,,11S43X5052YH10MV005DYPFRU,Memória,,,960,,
,1035,,1.01E+15,,GeForce,GeForce 8400GS,Estoque,,
,1036,,3.22E+11,,NVIDIA,NVIDIA Quadro 600,Estoque,,
,1037,,3.23E+11,,NVIDIA,NVIDIA Quadro FX580,Estoque,,
,1038,,4.90E+12,,GeForce,GeForce 710,Estoque,,
,1039,,K19C5319M,Placa de Som,,CS4280,Estoque,,
,1040,,6.10E+14,Placa de Som,,ENM232-8VIA,Estoque,,
,1041,,25878-13  0441Y1TY,Placa de Captura de Vídeo,,Fusion 878A,Estoque,,
,1042,,EP2C5T144C6N,Placa de Captura de Vídeo,,Cyclone,Estoque,,
,1043,,25878-13 0441Y1U1,Placa de Captura de Vídeo,,Fusion 878A,Estoque,,
,1044,,GMYD1237002104,Fonte,Delta,DPS-400AB-12 F,584,,
,,,743AUYRKS X13,HD,Toshiba,DT01ACA050,Estoque,,
,,,KPXK22RR,HDD,,HUC109090CSS601,Estoque,,
,,,75K0A0Z7FVL9,HDD,Dell,MG03SCA300,Servidor na Encontre sua franquia,,
,,,25C0A067FVL9,HDD,Dell,MG03SCA300,Servidor na Encontre sua franquia,,
,,,9580A00AFVM2,HDD,Dell,MG03SCA300,Servidor na Encontre sua franquia,,
,,,Y570A08GFVM2,HDD,Dell,MG03SCA300,Servidor na Encontre sua franquia,,
,,,Z1X19LBM,HDD,,ST2000NM0023,Estoque,,
,,,9VVESU3H,HDD,Seagate,ST3500312CS,Estoque,,
,,,ZAD1PXHL,HDD,Seagate,ST6000NM0095,,,
,,,ZAD1PW27,HDD,Seagate,ST6000NM0095,,,
,,,ZAD1Q049,HDD,Seagate,ST6000NM0095,,,
,,,6XS1WNBG,HDD,Seagate,ST9900805SS,Estoque,,
,,,6XS1TWW1,HDD,Seagate,ST9900805SS,Estoque,,
,,,6XS1X0H8,HDD,Seagate,ST9900805SS,Estoque,,
,,,6RABV035,HDD,Maxtor,STM3160815AS,Meu pc,,
,,,WMAYUA240995,,,WD5000AAKX,,,
,,,Z3T5XW2P,,,ST500DM002,Estoque,,
,,,Z1M13Y85,,,9YZ162-036,Estoque,,
,,,4A003EH+1329H8096D,Memória,SK Hynix,HMT31GR7CFR4A-PB,Estoque,,
,,,SBR2011072036123,Memória,Smart,M391B5773CH0-YH9,Estoque,,
,,,E64269 01 IC5,Procesador,Intel,E5645,Estoque,,
,,,E64269 01 IB10,Procesador,Intel,E5645,Estoque,,
,,,E64269 01 S24,Procesador,Intel,E5645,Estoque,,
,,,E64269 01 S64,Procesador,Intel,E5645,Estoque,,
,,,E44476 01 IE3,Procesador,Intel,X5550,Estoque,,
,,,E44476 01 S86,Procesador,Intel,X5550,Estoque,,
,,,E44476 01 S87,Procesador,Intel,X5550,Estoque,,
,,,E44476 01 IB2,Procesador,Intel,X5550,Estoque,,
,,,35152286A1 080,Procesador,Intel,E5-2630L,Estoque,,
,,,35332122A0190,Procesador,Intel,E7-4870,Estoque,,
,,,35332122A0032,Procesador,Intel,E7-4870,Estoque,,
,,,E64269 01 IC4,Procesador,Intel,E5620,Estoque,,
,,,E64269 01 IE3,Procesador,Intel,E5620,Estoque,,
,,,3145B079,Procesador,Intel,I3-2120,Estoque,,
,,DEFEITO,3326B318,Procesador,Intel,I3-3240,Estoque,,
,,,3215B511,Procesador,Intel,Pentium G620,Estoque,,
,,,174661A0113579,Gbic,ERICSSON,RDH 102 47/2 R2A,Estoque,,
,,,1712061A018653,Gbic,ERICSSON,RDH 102 47/2 R2A,Estoque,,
,,,172061A0127209,Gbic,ERICSSON,RDH 102 47/2 R2A,Estoque,,
,,,PEP42WJ,Gbic,Finisar,FTLF8524P2BNV-E5,Estoque,,
,,,PN95V1V,Gbic,Finisar,FTLF8528P2BNV-E5,Estoque,,
,,,PKD5XNX,Gbic,Finisar,FTLF8528P2BNV-E5,Estoque,,
,,,PNH17SD,Gbic,Finisar,FTLF8528P2BNV-E5,Estoque,,
,,,1 21CFR1040.10 LN#50 7/01,Gbic,Finisar,FTRJ8519P1BNL-SU,Estoque,,
,,,PGR3DEZ,Gbic,Finisar,FTLF8524P2BNV,Estoque,,
,,,PB536Y,Gbic,Finisar,FTLF8524P2BNV,Estoque,,
,,,UA73T1D,Gbic,Finisar,FTLF8524P2BNV,Estoque,,
,,,PF52FFH,Gbic,Finisar,FTLF8524P2BNV,Estoque,,
,,,PJ34GFS,Gbic,Finisar,FTLF8519P2BNL-HW,Estoque,,
,,,PNB6XUP,Gbic,Finisar,FTLF8528P3BCV-HD,Estoque,,
,,,PC912E2,Gbic,Finisar,FTLF8524P2BNC-EC,Estoque,,
,,,MY81260049,Gbic,HP,AJ718A,Estoque,,
,,,MY81250BG9,Gbic,HP,AJ718A,Estoque,,
,,,YH10RVDAJ0NU,Gbic,IBM,77P8042,Estoque,,
,,,YH10RVDAJ16J,Gbic,IBM,77P8042,Estoque,,
,,,YH10RVDAJ0P0,Gbic,IBM,77P8042,Estoque,,
,,,YH10RVDAJ0MY,Gbic,IBM,77P8042,Estoque,,
,,,YH10RVCCS1KV,Gbic,IBM,77P8042,Estoque,,
,,,YH10RVCCU34R,Gbic,IBM,77P8042,Estoque,,
,,,YH10RVDAJ168,Gbic,IBM,77P8042,Estoque,,
,,,YH10RVDAJ15Z,Gbic,IBM,77P8042,Estoque,,
,,,77P8042YH10UC39MDF,Gbic,AVAGO,AFBR-57D9AMZ-IB1,Estoque,,
,,,77P8042YH10UC39ED28,Gbic,AVAGO,AFBR-57D9AMZ-IB1,Estoque,,
,,,77P8042YH10UC3ACDFC,Gbic,AVAGO,AFBR-57D9AMZ-IB1,Estoque,,
,,,77P8042YH10UC3ACDF4,Gbic,AVAGO,AFBR-57D9AMZ-IB1,Estoque,,
,,,77P8042YH10UC39RD7V,Gbic,AVAGO,AFBR-57D9AMZ-IB1,Estoque,,
,,,77P8042YH10UC3A8DLM,Gbic,AVAGO,AFBR-57D9AMZ-IB1,Estoque,,
,,,77P8042YH10UC39RDBA,Gbic,AVAGO,AFBR-57D9AMZ-IB1,Estoque,,
,,,77P8042YH10UC3A1DCW,Gbic,AVAGO,AFBR-57D9AMZ-IB1,Estoque,,
,,,77P8042YH10UC39WD5D,Gbic,AVAGO,AFBR-57D9AMZ-IB1,Estoque,,
,,,77P8042YH10UC3B8AZG,Gbic,AVAGO,AFBR-57D9AMZ-IB1,Estoque,,
,,,77P8042YH10UC3ACDFG,Gbic,AVAGO,AFBR-57D9AMZ-IB1,Estoque,,
,,,77P8042YH10UC39RD96,Gbic,AVAGO,AFBR-57D9AMZ-IB1,Estoque,,
,,,77P8042YH10UC39DDEA,Gbic,AVAGO,AFBR-57D9AMZ-IB1,Estoque,,
,,,77P8042YH10UC3BWDU5,Gbic,AVAGO,AFBR-57D9AMZ-IB1,Estoque,,
,,,77P8042YH10UC3ACDEU,Gbic,AVAGO,AFBR-57D9AMZ-IB1,Estoque,,
,,,AD1138A02GE,Gbic,AVAGO,AFBR-57D7AMZ-QL,Estoque,,
,,,AD1138A02J6,Gbic,AVAGO,AFBR-57D7AMZ-QL,Estoque,,
,,,WAA109066160476,Gbic,HP,AJ715A,Estoque,,
,,,WAA109066161059,Gbic,HP,AJ715A,Estoque,,
,,,PGS1CLD,Gbic,Finisar,FTLF8524P2BNV,Estoque,,
,,,SBR2010031105915,Memória,Smart,M393T5750GZA-CE6,Estoque,,
,,,SBR2010031105913,Memória,Smart,M393T5750GZA-CE6,Estoque,,
,1045,,k36534n8,Teste,Testando,muito bom ,Estoque,,
